danceability,energy,key,loudness,mode,speechiness,acousticness,instrumentalness,liveness,valence,tempo,id,duration_ms,time_signature,added_at,name
0.693,0.468,0,-10.368,1,0.0264,0.0334,0,0.166,0.386,113.987,2bCDjVF0utbJIHpG7osTvY,182893,4,2018-07-09T02:59:38Z,Neopolitan Dreams
0.749,0.71,7,-6.63,1,0.0331,0.0163,0.0237,0.0892,0.678,120.005,0uNU2DnGjyjzqeaK3z5rSi,166213,4,2018-07-30T13:58:09Z,Bad Ideas
0.752,0.505,9,-7.621,1,0.253,0.535,2.55e-06,0.104,0.419,91.97,1wjzFQodRWrPcQ0AnYnvQ9,197437,4,2018-09-24T04:40:56Z,I Like Me Better
0.717,0.847,1,-6.159,1,0.0353,0.00271,1.04e-06,0.11,0.414,114.996,4ABdTWafMCXfATpILRuZFW,179999,4,2018-08-02T17:37:37Z,IDWK
0.753,0.602,0,-6.326,1,0.149,0.052,0.000249,0.102,0.555,94.056,4v0134PgBTGsFJiGcV4eJk,180148,4,2018-07-05T03:21:37Z,Last To Leave (feat. Caroline Ailin)
0.387,0.571,7,-6.354,0,0.0402,0.493,0,0.106,0.555,152.906,6oJn6CVEELRmAMOYypSu4P,188361,5,2018-06-26T18:26:18Z,Breathe
0.794,0.476,2,-4.337,0,0.0558,0.354,0.00307,0.332,0.471,129.827,5LZQ5s0kRZS9nBSd1xLK7U,179658,4,2018-08-01T00:03:59Z,Trndsttr (feat. M. Maggie) - Lucian Remix
0.695,0.625,1,-6.162,0,0.028,0.308,5.47e-05,0.22,0.344,93.04,2Ll8pInBZeY7ELfVgNNmQa,195000,4,2018-07-10T13:28:44Z,Forever (feat. Elohim)
0.651,0.687,11,-8.34,0,0.0837,0.0263,0.0456,0.0938,0.268,150.984,6Yvs6s1lnqLGAlEedPPUdY,194000,4,2018-07-30T04:30:11Z,BACKBONE
0.633,0.592,0,-7.245,0,0.112,0.197,0,0.099,0.679,90.066,2Gl0FzuLxflY6nPifJp5Dr,193511,4,2018-02-18T19:50:42Z,First Time
0.653,0.91,10,-3.36,1,0.0566,0.0079,0,0.318,0.0921,126.047,57p8CBvPOxrvyCbn6ttl5r,234286,4,2018-04-05T06:32:41Z,Would You Ever
0.6,0.412,8,-9.343,1,0.344,0.615,0.0025,0.134,0.408,113.049,6ZSO7kPn8IMJFymyticbJO,225882,5,2018-02-14T14:14:31Z,Gold
0.753,0.657,7,-3.061,1,0.0449,0.171,0,0.112,0.437,107.01,09IStsImFySgyp0pIQdqAc,184732,4,2018-02-14T05:27:57Z,The Middle
0.69,0.857,10,-5.613,1,0.0405,0.0557,0.11,0.0341,0.409,136.99,6zpCJDhdpHPZCcFCJZDqX5,213340,4,2018-02-14T05:39:18Z,High You Are
0.781,0.802,6,-5.889,1,0.279,0.167,0,0.0683,0.192,112.913,4tH7y3blkt051mLmvdXQbC,241540,4,2018-07-03T23:53:35Z,Pearl Magnolia
0.604,0.892,11,-4.905,0,0.245,0.0253,0.849,0.0706,0.52,144.038,6iEO8dPKgXuaAwVoYojMHA,245435,4,2018-06-25T21:12:04Z,All of the Lights
0.689,0.521,0,-5.845,1,0.132,0.119,8.41e-05,0.108,0.178,95.055,3gr6q0Q8R1EjeXRAQYmX9l,229747,4,2018-03-10T00:25:58Z,All My Friends (feat. Tinashe & Chance the Rapper)
0.693,0.664,7,-5.352,1,0.0793,0.206,0,0.124,0.542,96.13,5FAK7GY5W3PUBPLkJ6R2wq,203750,4,2018-08-01T19:17:42Z,Rewind
0.863,0.811,2,-4.066,1,0.0599,0.0111,0.71,0.21,0.207,120.041,0Ywub0idamgr33HrScRjXt,207193,4,2018-06-25T21:12:11Z,Stronger
0.857,0.397,6,-13.063,0,0.0551,0.73,0.000895,0.101,0.459,100.052,5P6K7YXIDHEwFVc4pzPhlw,148200,4,2018-06-25T21:12:46Z,Onlysmokecigsontheweekend
0.653,0.708,10,-5.385,1,0.0345,0.109,0.0011,0.163,0.347,111.924,4DfxFGwreu9BquiLRClwh8,167871,4,2018-02-18T19:43:55Z,Hum With Me
0.625,0.763,8,-4.997,0,0.129,0.147,0.0106,0.214,0.721,88.753,6nAQE9VatYS3fjJVsVh4uX,192160,4,2018-02-14T05:58:30Z,Love$ick
0.386,0.587,10,-4.454,1,0.0519,0.0363,3.71e-06,0.332,0.0565,96.072,3nAq2hCr1oWsIU54tS98pL,181573,4,2018-04-05T06:20:11Z,Waves
0.658,0.706,5,-5.347,1,0.0304,0.0625,0,0.106,0.427,98.967,02HUcZIF7Z2RqSvAxdRPqi,227027,4,2018-02-14T05:40:16Z,Mine
0.651,0.579,11,-9.637,0,0.059,0.256,0.000125,0.101,0.393,135.041,4TzJlS1vCuJO3H9CQr30c9,216311,4,2018-07-05T19:12:56Z,Hinterland
0.849,0.483,6,-7.114,0,0.291,0.443,0.000141,0.0786,0.282,101.015,36fRbuu9QkKVDR1j7jTI2U,165618,4,2018-07-05T19:13:15Z,Good Nights (feat. Mascolo)
0.774,0.493,5,-6.998,0,0.0436,0.545,0,0.0868,0.6,102.052,4fwBJ1pEqgOggOCPVgWlTb,141222,4,2018-03-10T03:27:14Z,Major Love
0.336,0.746,1,-4.315,0,0.0685,0.136,0,0.737,0.21,151.756,6Nt8JXqD73iPp1tJLJduaQ,233684,4,2018-04-05T06:25:57Z,One Thing
0.755,0.751,8,-4.034,1,0.0748,0.0635,0,0.0812,0.491,102.002,0V9cosR5jWa4fr2koARmhD,183587,4,2018-02-21T02:16:49Z,Summer Air
0.739,0.56,8,-8.375,0,0.03,0.544,0.0487,0.18,0.15,109.006,37ylBacGzYmfby1PONgMf6,181651,4,2018-03-10T03:25:19Z,Come Home - Hazey Eyes Remix
0.527,0.817,11,-8.059,1,0.0712,0.0297,0.000111,0.0997,0.693,177.04,1DkuMdtmbHGjvVZu6Ogp1Y,218980,3,2018-04-05T06:26:18Z,Pull Me Up
0.563,0.775,8,-6.433,1,0.0366,0.00251,0,0.326,0.458,144.945,1yNyoWWWikbLhwIGWjZuDW,197793,4,2018-02-14T05:48:39Z,All Night
0.718,0.843,9,-3.206,0,0.087,0.0858,0,0.552,0.334,112.097,1ilyIkfTTyMsYV7o8ejp4t,184286,4,2018-02-14T05:52:51Z,Candles
0.683,0.708,5,-6.244,0,0.0305,0.0398,0.155,0.686,0.355,92.991,2XMTqoHHSH0lvuXrvIEdco,237707,4,2018-02-14T05:53:10Z,Capsize
0.679,0.376,1,-12.39,1,0.395,0.947,0,0.115,0.321,123.352,7a5RvlW5tMU0AZ4tvbGLhn,249867,4,2018-07-23T12:12:07Z,September 16
0.564,0.696,9,-6.279,1,0.0662,0.0247,0.0248,0.133,0.205,75.004,5ZiHgUvekvEbdRXO4pn7HQ,192000,4,2018-02-14T05:56:46Z,High
0.653,0.809,0,-4.057,1,0.0474,0.194,0,0.165,0.55,92.213,5CLGzJsGqhCEECcpnFQA8x,210773,4,2018-02-18T19:48:35Z,These Days
0.753,0.646,1,-4.564,1,0.0973,0.231,0.0012,0.0961,0.438,100.0,0as7lPxkBPctZ7uVmchRNM,186231,4,2018-02-18T20:02:16Z,Miss You (with Major Lazer & Tory Lanez)
0.543,0.541,2,-5.164,0,0.123,0.441,0,0.106,0.378,112.308,2EGJB8bDbbxtvSgJQLwqK7,214472,3,2018-02-18T20:03:18Z,Then
0.651,0.76,7,-3.377,1,0.054,0.351,0,0.151,0.673,96.204,2IQB5iBapo0Y37Yc0PtIZc,141875,4,2018-02-21T02:07:47Z,Contact
0.64,0.582,1,-9.529,1,0.041,0.716,0.00117,0.328,0.085,100.024,3i9fMFpVYB7FKmy9NCuzwS,213250,4,2018-07-05T18:53:32Z,Naive
0.637,0.556,1,-8.993,0,0.0534,0.199,0.138,0.1,0.348,77.118,021txSheRym293iUdf6vPZ,203318,4,2018-03-10T03:19:16Z,Cold War
0.656,0.721,5,-5.665,0,0.122,0.298,0,0.173,0.468,148.066,52okn5MNA47tk87PeZJLEL,212120,4,2018-02-14T05:26:26Z,Let You Down
0.579,0.736,6,-3.863,0,0.0527,0.31,0,0.198,0.613,127.999,2P4OICZRVAQcYAV2JReRfj,230613,4,2018-04-23T17:21:25Z,Waiting For Love
0.655,0.427,2,-11.684,0,0.0799,0.295,0.00108,0.0788,0.224,107.992,2kbqbzvtneTypTMVaONXqL,215446,4,2018-02-21T02:17:53Z,Lie
0.742,0.522,5,-4.111,1,0.152,0.136,0,0.0422,0.751,180.039,6l3iEDNEyAm9AM5MSjvLkm,174080,4,2018-02-21T02:18:22Z,So Much More Than This
0.701,0.771,8,-5.714,1,0.0363,0.118,0.00108,0.106,0.227,100.024,2PJ55QsqjSVwN2esqfMDFu,192449,4,2018-02-21T02:53:06Z,We Could Go Back
0.602,0.797,6,-5.084,0,0.0534,0.055,0,0.187,0.492,92.928,7zsXy7vlHdItvUSH8EwQss,185360,4,2018-02-25T12:04:13Z,Cold Water
0.707,0.88,4,-3.211,0,0.0317,0.00424,0.0379,0.0534,0.565,105.003,47qYqGPgMTh3l1PRKBHEfI,249286,4,2018-02-27T02:28:26Z,Unity
0.606,0.889,9,-4.782,0,0.0519,0.0481,3.56e-06,0.0933,0.337,97.988,6DOBk1Pxe7q8YFI9Ozbrb3,191800,4,2018-03-09T23:59:06Z,I Got You
0.626,0.8,1,-3.988,0,0.035,0.0267,0.000138,0.0623,0.258,127.966,0DhkTGjEaIHaSxTfC14BFm,160184,4,2018-03-09T23:59:24Z,Lullaby
0.675,0.444,7,-6.067,1,0.028,0.248,0,0.0531,0.356,125.884,1o6YK7phnXgsljfWSQQfWc,216373,4,2018-03-09T23:59:51Z,When You Love Someone
0.757,0.565,11,-5.895,1,0.0324,0.174,0,0.105,0.682,119.959,2K06amHdw8ZPWI75Xvo9Ij,180402,4,2018-03-10T00:00:43Z,Runaways
0.641,0.687,9,-5.773,0,0.0542,0.0818,0.00209,0.197,0.418,149.873,1zNKrNBtDPje8fIodmzDOR,171200,4,2018-03-10T00:02:46Z,Shanghai
0.68,0.721,7,-6.21,1,0.0355,0.00538,0.000216,0.0679,0.267,122.0,7tx0NDsCViutjOyd1c4A28,215447,4,2018-03-10T00:03:12Z,Not Alone
0.632,0.575,5,-6.478,1,0.029,0.0225,1.81e-06,0.104,0.188,90.037,2CPqh63wRVscbceKcPxwvv,183414,4,2018-03-10T00:04:49Z,The Ocean (feat. Shy Martin)
0.623,0.742,9,-6.106,0,0.0674,0.0808,0,0.0806,0.426,124.991,62WBU7icjt8uhFPVLqclcl,151792,4,2018-03-10T00:06:15Z,Just Dropped In (My Condition)
0.69,0.622,5,-5.025,0,0.0622,0.253,0,0.116,0.544,102.04,6uBhi9gBXWjanegOb2Phh0,210091,4,2018-03-10T00:08:54Z,Stay
0.583,0.732,11,-5.728,0,0.0457,0.00312,9.86e-06,0.269,0.276,145.992,6hmhG1b4LEyNuashVvuIAo,213428,4,2018-03-10T00:09:10Z,Never Forget You
0.663,0.708,8,-4.154,1,0.0473,0.0337,0,0.0841,0.742,103.073,5Gu0PDLN4YJeW75PpBSg9p,174800,4,2018-03-10T00:12:11Z,"Let Me Go (with Alesso, Florida Georgia Line & watt)"
0.38,0.553,7,-6.621,1,0.0653,0.421,2.63e-06,0.0788,0.384,179.629,1lntL1cI2UIWlxjL5QiN8g,189333,4,2018-03-10T00:14:25Z,The Other
0.628,0.833,11,-4.126,0,0.0282,0.0079,1.48e-05,0.074,0.56,128.003,2ISSQPb9LHHiV6ng2NXosL,218293,4,2018-03-10T00:16:04Z,Beautiful Now
0.461,0.583,5,-4.581,1,0.0814,0.283,0,0.112,0.497,133.032,2X8GwyuNBiOJKLCLNaefOT,172870,5,2018-03-10T00:16:26Z,Heavy
0.717,0.646,7,-5.414,1,0.0843,0.174,0,0.129,0.533,101.972,0CJvDUBeEL1Rmpx7MH28CQ,203547,4,2018-03-10T00:17:34Z,For You
0.643,0.732,5,-6.762,0,0.0294,0.00681,4.57e-05,0.0606,0.181,102.979,5jJnlACnwFvyqNXmUZu8Nd,224272,4,2018-03-10T00:45:45Z,False Alarm
0.602,0.614,11,-6.058,0,0.0633,0.626,0.021,0.0738,0.333,137.992,0IG0bhR18uNnfSa6nS0r0h,226063,4,2018-03-10T03:17:03Z,Islands
0.785,0.494,11,-13.089,0,0.48,0.803,0.667,0.083,0.442,79.741,0hMmbwx2alQYdwPHK5Xmv7,199103,4,2018-03-10T03:19:37Z,Yuika
0.601,0.499,6,-11.131,1,0.0343,0.815,0.712,0.109,0.531,96.981,3uSwz1gv799BQhkqgIgfSz,242860,4,2018-03-10T03:19:50Z,Begin (feat. Wales)
0.464,0.347,7,-8.847,0,0.048,0.241,0.0614,0.0977,0.556,150.028,5eICircAQT9O0gIlTzxf58,193985,4,2018-03-10T03:21:02Z,Nothing New
0.702,0.403,3,-13.428,1,0.0338,0.676,0.273,0.0836,0.0716,101.018,1OFMSWMwEiy5LJJCzzWknT,222813,4,2018-03-10T03:22:27Z,Lost in Space
0.631,0.548,8,-8.672,0,0.0236,0.399,0.000568,0.0742,0.685,100.006,5akrX5iB8SBZOcxtFnFNEG,129580,4,2018-03-10T03:23:22Z,Takes Some Time
0.673,0.551,0,-7.575,1,0.0288,0.0133,0.000367,0.0747,0.429,88.039,41nkPKWbunYtRKRdyvhxbr,194499,4,2018-03-10T03:23:45Z,Lie
0.399,0.307,9,-11.475,0,0.0498,0.907,2.5e-05,0.0767,0.0747,139.965,1kEniCSxneYJUWdKhzKF1Y,215264,4,2018-03-10T03:26:05Z,The Ending
0.666,0.456,3,-8.888,0,0.0733,0.333,0,0.197,0.25,124.803,6iZURTXhhsRg6zGUajb9Zy,218939,4,2018-03-10T03:26:21Z,Square One
0.661,0.589,5,-11.217,1,0.0368,0.637,0.863,0.111,0.603,129.987,498PZGXoeApGrJ32NmeGbG,273533,4,2018-03-10T03:28:38Z,Chateau
0.526,0.412,9,-9.722,1,0.0449,0.146,0,0.105,0.265,165.87,3m9eTtBtU0xxJndQRz9MOr,189578,4,2018-03-10T03:28:55Z,Out of Focus
0.708,0.713,11,-5.39,1,0.0657,0.0555,0.00389,0.32,0.264,101.999,3omHpz9fmngYFdHDRLGeRZ,222353,4,2018-03-11T02:46:04Z,In My Head
0.685,0.508,0,-6.4,1,0.0987,0.193,0,0.139,0.315,99.063,5sIx4BlfYGuZeSLF40N9GH,217287,4,2018-03-17T02:53:11Z,Remind Me to Forget
0.666,0.677,2,-5.743,1,0.0326,0.214,0,0.0979,0.178,100.014,1OilOIju6R9ia8vilNjChh,178242,4,2018-03-17T02:57:31Z,Beautiful
0.693,0.43,5,-10.528,1,0.0667,0.553,0.0417,0.349,0.219,99.967,20kaRiS9S7a13DLGkdWJf0,193136,4,2018-04-05T06:23:27Z,Hostage - Hounded Remix
0.509,0.518,2,-10.208,1,0.0304,0.0853,5.84e-05,0.338,0.248,81.042,61Jk4NuavJPhDBvVZes5iB,213560,4,2018-04-05T06:23:35Z,"Right Here, Right Now"
0.374,0.758,9,-4.212,1,0.0434,0.00276,0.000655,0.104,0.126,89.993,3o5OyQ2tghLhOFjemvEloF,225347,4,2018-04-05T06:23:43Z,Home
0.878,0.613,2,-3.873,1,0.13,0.126,0,0.194,0.753,104.986,2jRfRIvnZj4J6mxGnpVmdQ,185526,4,2018-04-05T06:23:59Z,Close to You (feat. Jasmine Sokko)
0.552,0.842,0,-5.815,1,0.0542,0.0551,0.271,0.105,0.242,139.914,5ZBemWNJFt6Ne1ay2vjVJD,343714,4,2018-04-05T06:24:16Z,Moonlight
0.752,0.764,1,-4.399,1,0.038,0.0476,9.44e-05,0.0543,0.582,121.958,21RzyxY3EFaxVy6K4RqaU9,163216,4,2018-04-05T06:25:09Z,Body
0.494,0.882,2,-4.63,1,0.041,0.00493,0,0.128,0.292,128.008,5OSJZlfxZwR5jreQSy6r2O,213480,4,2018-04-05T06:28:16Z,Easy - Radio Edit
0.443,0.726,7,-3.745,1,0.167,0.416,0,0.369,0.37,119.824,2ULg8Cw0Ckn5JDGUkCNXko,220000,4,2018-04-05T06:28:37Z,Hung Up
0.65,0.631,0,-6.103,1,0.0515,0.0469,0.00223,0.151,0.755,161.066,0M8ZoYAmViPTp0dX0J9E52,219587,4,2018-04-05T06:34:19Z,Dead
0.527,0.819,9,-5.371,1,0.034,0.0329,0.0576,0.0799,0.117,126.019,4xRxj8myDxZb85dMeCQGWV,211429,4,2018-04-05T06:36:48Z,Find a Way (feat. Rudy)
0.747,0.844,5,-4.91,0,0.0822,0.0762,6.27e-06,0.115,0.671,103.926,45TAoyg9s00SSI5qtpmMWi,169219,4,2018-04-05T06:39:18Z,Anyway
0.74,0.533,7,-10.294,1,0.0824,0.138,4.99e-05,0.127,0.313,92.005,45iMwUi9OBJlEIsTJ4AStR,192293,4,2018-04-05T06:39:44Z,Not A Love Song
0.735,0.483,8,-8.746,1,0.0351,0.272,1.82e-05,0.134,0.411,112.96,21co5zlBpH31QEEphGb0Rb,187965,4,2018-04-05T06:40:37Z,Body - Late Nite Version
0.448,0.725,9,-5.259,0,0.0454,0.0316,1.25e-06,0.426,0.231,151.962,5Kr01FtRG1qf7nHJJoGAX9,359500,4,2018-04-05T06:40:59Z,Hold feat. Daniela Andrade - Original Mix
0.727,0.831,9,-4.745,1,0.077,0.129,0,0.154,0.692,112.002,0c0l69JCctCQVdVi6IeZtH,195000,4,2018-04-05T06:41:33Z,Out My Mind
0.631,0.807,11,-2.126,0,0.0348,0.00491,0,0.178,0.539,120.021,308zpyApA49qlNuzayCeYr,217000,4,2018-04-09T20:14:02Z,All My Life
0.527,0.835,6,-5.298,1,0.0433,0.0166,0,0.249,0.654,125.983,0ct6r3EGTcMLPtrXHDvVjc,176658,4,2018-04-23T17:21:32Z,The Nights
0.68,0.541,2,-5.909,1,0.032,0.341,1.02e-06,0.23,0.447,97.005,1NldMriIXmMdChqZtHCGbW,220433,4,2018-04-24T22:36:38Z,Dive With Me
0.572,0.689,6,-3.971,0,0.0824,0.0688,8.64e-05,0.0718,0.399,131.799,2RZvxgQsFR1mUcwFZpsav9,205787,4,2018-04-24T22:36:42Z,Collide
0.754,0.697,10,-4.387,0,0.0313,0.0759,0.0551,0.0955,0.753,123.997,3iijdsL2HIvzWKKnf1QSee,232258,4,2018-04-27T21:31:10Z,Kuaga (Lost Time) - Matthew Heyer Remix
0.625,0.592,8,-6.988,1,0.253,0.653,0.92,0.125,0.201,151.0,2Vp0OFLQDTplYEt4UtwC3e,216159,4,2018-05-20T00:23:58Z,Attached
0.845,0.596,4,-4.932,0,0.0438,0.645,0.00492,0.115,0.387,95.011,0xEHjdXNzYtLyO5VnZw77b,237901,4,2018-05-28T01:30:49Z,Go To Sleep
0.726,0.576,4,-3.184,0,0.355,0.287,0.000266,0.255,0.72,76.044,20R2rF8szcx4VNA6FDRKwo,243191,4,2018-06-15T21:57:41Z,Butterscotch
0.844,0.262,0,-14.08,1,0.0899,0.68,0,0.111,0.274,104.945,4PKZmIXiIt54OQo1E51aTd,151110,4,2018-06-25T21:11:44Z,rumours (feat. mark johns)
0.49,0.864,10,-4.165,1,0.0308,0.00209,0.0269,0.169,0.0579,128.047,735kliQyYeVVXZqzUIxpfx,202518,4,2018-06-25T21:11:53Z,Rain
0.866,0.679,6,-6.74,0,0.388,0.214,4.8e-06,0.101,0.272,115.015,7xAE36UUNgyDJDIM4yiucY,268087,4,2018-06-25T21:12:21Z,Be Your Girl (Kaytranada Edition)
0.576,0.85,8,-3.653,0,0.117,0.309,0,0.341,0.18,142.012,4OCvd4ila7Zp0tEsFWs2hP,226613,4,2018-06-25T21:12:25Z,Don't Leave - Ekali Remix
0.705,0.729,8,-3.925,1,0.0451,0.427,8.6e-06,0.15,0.586,126.047,3R7Y4q7kECcZkT5LCn8QP5,218095,4,2018-06-25T21:12:31Z,I Still See Your Face
0.724,0.418,2,-8.057,1,0.0808,0.0786,0,0.129,0.488,131.924,3X475vZzGmHrctAJ5Fesvs,237273,4,2018-06-25T21:12:48Z,Goosebumps
0.777,0.533,8,-8.449,1,0.19,0.321,3.99e-05,0.091,0.445,94.027,6KqJe8tNKU6HAdFkyY2PE6,178085,4,2018-06-26T20:32:30Z,With You - Hazey Eyes Remix
0.417,0.28,9,-13.111,0,0.187,0.667,3.8e-05,0.452,0.241,164.945,7qMaDc8nDdHW15ktCyx8qu,220920,5,2018-07-03T21:46:42Z,Burn
0.594,0.703,3,-5.305,1,0.0671,0.191,1.14e-06,0.129,0.338,123.939,6XLUlVeCNo4T7Gvkmy6NmC,278226,4,2018-07-03T23:15:57Z,Plans (feat. Brandyn Burnette)
0.454,0.66,0,-4.357,1,0.168,0.0364,0,0.181,0.568,184.353,2HaYSyjZmqhFVviYOakAth,212374,4,2018-07-03T23:17:10Z,Burn the House Down
0.767,0.547,7,-11.458,0,0.0474,0.0399,0.485,0.0949,0.66,103.03,7nZ9CzhiFRPhOQCn7eDSnn,238183,4,2018-07-03T23:49:53Z,Vanille fraise
0.631,0.756,0,-4.428,0,0.0328,0.122,0.816,0.0626,0.296,120.021,5G9AFl0ibJsTbGm8h3N6jw,166506,4,2018-07-03T23:50:19Z,Sometime (feat. Brasstracks)
0.754,0.531,8,-11.87,1,0.238,0.114,0.00152,0.0785,0.458,109.062,1LvASuCm9gPr9684FFNKdt,243599,4,2018-07-03T23:57:09Z,Get To Know
0.717,0.584,9,-5.793,0,0.0603,0.798,0.677,0.198,0.662,88.034,0SOg0VldvpnbaPZfS4ZXgJ,136364,4,2018-07-04T00:02:40Z,Getaway
0.492,0.619,0,-8.781,1,0.0893,0.0239,0,0.0807,0.352,140.113,7hnYvLiIHVmLdKfoNl6BUt,262286,4,2018-07-04T00:12:40Z,Loyal
0.713,0.483,4,-8.429,0,0.0781,0.289,3.47e-06,0.121,0.2,96.007,6A624MGrfVN9WUz4lIAOg2,201964,4,2018-07-05T18:49:33Z,Some Reason
0.815,0.52,6,-8.966,0,0.0405,0.756,0.853,0.104,0.324,120.022,48UlszOrUzfprHJfkVOcbb,245000,4,2018-07-05T18:54:30Z,Homegrown - Empty Woods Remix
0.812,0.472,1,-6.806,0,0.0603,0.26,0,0.285,0.457,92.951,7cM9Kqto11iJpY2RwgVJSq,240013,4,2018-08-01T02:40:11Z,Flare Guns
0.665,0.455,10,-13.439,0,0.0583,0.457,0.0271,0.104,0.0741,116.025,31JRYHF9dySudiyABFrJuv,190698,3,2018-07-05T19:00:12Z,Eden
0.506,0.807,1,-4.442,0,0.0541,0.0811,0.000428,0.296,0.556,123.896,0kdkc4WGAjEoIzK87YZKvX,189996,4,2018-07-05T19:01:09Z,Better Not (feat. Wafia) - Zach Nicita Remix
0.702,0.599,4,-8.117,1,0.0416,0.519,1.76e-06,0.0704,0.773,113.995,5YvhDIAqHzL8yvHESPC2Un,194260,4,2018-07-05T19:07:43Z,Sentimental Trick
0.541,0.702,0,-6.884,1,0.0362,0.0187,0.0022,0.0788,0.079,115.01,74R4tYIQIn0slsnvqSCJRK,233739,4,2018-07-05T19:08:27Z,Over You (feat. Frida Sundemo)
0.625,0.439,4,-8.386,0,0.0328,0.131,0.00203,0.305,0.167,89.979,1OrdlOmAGp9kRkhcH5UwER,234652,4,2018-07-05T19:16:24Z,Lately (feat. CYGNAEUS)
0.752,0.692,11,-6.436,0,0.0242,0.359,0.0343,0.103,0.743,114.987,5ZJrnxlVNseqSqR9QHQLbF,224888,4,2018-07-10T13:32:54Z,Toluca Lake
0.467,0.362,9,-12.312,0,0.0404,0.489,0.0586,0.111,0.192,124.984,24aOsDgIOcivmr0q2sfLt3,239266,4,2018-07-10T13:36:48Z,Falling Night
0.721,0.583,5,-7.631,0,0.111,0.256,0.00533,0.11,0.331,106.078,4sG6J4S2FCuMr3oooYAwFS,202695,4,2018-07-10T13:50:09Z,Astronaut - Something About Your Love
0.7,0.172,8,-15.478,1,0.0833,0.835,6.22e-06,0.106,0.198,124.914,5Q5fB9kPU1JCNutdLHzSfo,222240,4,2018-07-10T14:06:53Z,Heartbeat
0.64,0.583,10,-6.521,1,0.0496,0.326,1.16e-05,0.13,0.362,91.968,1Zmfv37UqzfpXnnh3LbXpf,202174,4,2018-07-10T14:18:51Z,Not Alone
0.694,0.726,0,-7.297,0,0.0322,0.12,0.00258,0.215,0.451,105.968,0KL9K9gnnbVEdA5t1F6EIs,226981,4,2018-07-10T14:21:00Z,Sunburn
0.853,0.484,0,-9.103,1,0.0692,0.637,0.0125,0.0944,0.586,119.508,10Yzn7D4l9imoN802Tyg0i,212385,4,2018-07-10T14:22:40Z,Poolside
0.684,0.774,7,-5.951,1,0.188,0.26,0,0.108,0.448,84.991,1VCHNbal0VtE2plMRzvoho,175059,4,2018-07-10T14:36:43Z,Weekend
0.616,0.663,6,-5.056,0,0.0403,0.0988,0,0.161,0.184,94.02,3zzDs7euxA9c5guPOt7A1B,223592,4,2018-07-10T14:41:27Z,Famous
0.678,0.374,0,-9.387,0,0.0475,0.561,0.0249,0.103,0.0519,82.058,3XWUy9BZzFYd5cQSDY3nae,222439,4,2018-07-13T21:24:15Z,Drift
0.735,0.43,9,-9.532,1,0.0349,0.573,0,0.111,0.522,129.942,0ncp94ULTBgS0U3GZD80AC,189660,4,2018-07-17T21:52:19Z,Smoke Filled Room - Acoustic Session
0.679,0.662,8,-6.069,0,0.174,0.155,0,0.152,0.438,99.879,5masKPHeAOVNgxdLebIcK7,222801,4,2018-07-18T18:09:24Z,Stole the Show
0.644,0.803,1,-4.117,1,0.0666,0.114,0,0.0994,0.291,125.947,72eyEFbN9yMIwKx78ae0S1,211538,4,2018-07-18T19:03:17Z,In The Morning
0.683,0.647,2,-6.36,1,0.0371,0.244,1.15e-05,0.0733,0.351,91.041,7ahYQRrOQSXJ5OhsLnpfU8,213626,4,2018-07-19T17:05:55Z,You're Not Missing Me
0.583,0.748,6,-4.798,1,0.0292,0.00695,0.0241,0.22,0.254,142.029,1Hk0QRlUFCHYG6zIvUh0Xd,233239,4,2018-07-22T15:53:27Z,Summer
0.708,0.945,5,-3.247,0,0.234,0.00104,0.0803,0.227,0.545,127.96,3aIhJDHxr1kgTSnutJxPTH,203133,4,2018-07-30T04:33:21Z,Peanut Butter Jelly
0.809,0.71,9,-6.15,0,0.108,0.344,4.13e-06,0.162,0.353,110.036,2iNIdJqx4zvsOA1eY8I4QZ,187707,4,2018-07-30T01:27:28Z,Kings And Queens Of Summer
0.637,0.778,5,-3.642,0,0.0706,0.0248,0,0.228,0.286,103.093,0ftAX4mbuRx6Wr6PvpAIZs,188738,4,2018-08-03T17:40:12Z,Pretender (feat. Lil Yachty & AJR)
0.717,0.872,11,-3.279,1,0.0357,0.0162,1.99e-06,0.205,0.61,120.026,6lD9nDl7jBUSIPDMAMZjuD,205250,4,2018-07-22T15:54:23Z,Anywhere
0.634,0.556,6,-9.149,0,0.064,0.431,2.2e-05,0.102,0.136,110.175,0A9fNzuRa0WqaCmxY7FOLK,263935,4,2018-07-23T19:31:48Z,Only
0.531,0.769,10,-2.881,0,0.063,0.325,0,0.305,0.479,77.351,4TcSvASmTs7HICEY6is1iX,195252,4,2018-08-01T01:46:28Z,Wildcard
0.366,0.379,6,-11.534,1,0.0362,0.886,0.0219,0.102,0.0753,139.473,3p10Uj0mYylRjO2PQl3iZM,202560,4,2018-07-23T19:33:06Z,Arc
0.785,0.525,6,-7.556,1,0.042,0.669,0.439,0.114,0.251,90.853,3WRQUvzRvBDr4AxMWhXc5E,238907,4,2018-05-17T21:21:35Z,Sunset Lover
0.594,0.551,3,-6.57,1,0.147,0.304,0,0.123,0.371,77.482,6ej9jEXBeQI7PTbx68KHfi,337551,4,2018-07-23T20:20:22Z,Hand Of God - Outro
0.514,0.924,8,-5.417,1,0.052,0.000208,0.805,0.0684,0.0675,151.994,2BVUOGciUUUqOPSLtHwLGp,224211,4,2018-08-03T19:32:14Z,GUD VIBRATIONS
0.556,0.728,3,-4.807,1,0.0379,0.0756,5.28e-05,0.114,0.261,98.019,4O1Lrj1chYmsiYRSlbcxjL,259592,4,2018-08-05T00:24:26Z,Away
0.656,0.729,5,-4.223,0,0.0765,0.0789,0,0.133,0.438,95.974,0p0ljM6RxgpGt7wthGqBZa,215781,4,2018-08-16T16:31:26Z,Finest Hour (feat. Abir)
0.511,0.917,7,-3.239,0,0.124,0.0273,0,0.819,0.241,100.123,0ZtLv7aVallYjnPJNZJWk7,192707,4,2018-08-17T14:18:40Z,You're On (feat. Kyan)
0.411,0.496,8,-9.406,1,0.167,0.0841,5.47e-06,0.32,0.377,74.181,0Q8huSFCc5LclXoBrFb2DN,183724,4,2018-08-18T17:06:50Z,Restless Sea
0.741,0.808,6,-4.434,0,0.0439,0.00911,1.46e-05,0.609,0.415,99.984,1GQInBhND3v37Hn6hKbW2b,184812,4,2018-08-18T22:27:54Z,Heartless
0.563,0.871,6,-5.261,0,0.0568,0.0614,0.000149,0.101,0.425,82.009,5hZXzIaSjWWBmkOPinoFcU,221131,4,2018-08-20T02:16:06Z,Cry - Rynx Remix
0.542,0.913,10,-3.821,1,0.189,0.196,7.48e-06,0.139,0.578,150.072,6VEbv3jRYbOeo2UZ0mkN7h,230528,4,2018-08-25T01:05:22Z,Don't Kill My Vibe - Gryffin Remix
0.578,0.491,11,-8.544,0,0.21,0.203,0.000378,0.182,0.64,98.273,6tv43DiBgTHgC0dtID2MXW,184814,4,2018-08-30T21:40:06Z,Superlove (feat. Oh Wonder)
0.567,0.743,8,-8.614,1,0.0626,0.0356,0.847,0.221,0.423,170.083,1TuopWDIuDi1553081zvuU,212881,5,2018-08-30T21:42:55Z,Resonance
0.647,0.932,11,-3.515,1,0.0824,0.00383,1.5e-06,0.0574,0.374,114.991,3EmmCZoqpWOTY1g2GBwJoR,198774,4,2018-08-30T21:49:39Z,Just Hold On
0.867,0.639,7,-5.778,0,0.0888,0.375,0.0111,0.225,0.736,99.977,2mssuAa5xshIx2c06p1c2F,213907,4,2018-08-30T22:02:53Z,Complicated
0.639,0.685,9,-4.571,0,0.049,0.105,0,0.143,0.363,110.041,6tB4XVKceo2307SSWXaO0y,238991,4,2018-08-30T22:08:40Z,Just Friends
0.536,0.644,4,-6.28,1,0.191,0.292,8.34e-06,0.0802,0.607,113.317,2iUb7DLswcEXEmsdD878no,160235,5,2018-08-30T22:10:11Z,Aftertaste (feat. Opia)
0.632,0.571,7,-6.856,0,0.0591,0.226,0,0.124,0.296,97.812,6ibtXCE3GjkRCG45bhjUte,177000,4,2018-08-31T00:27:38Z,Space (feat. Quinn XCII)
0.626,0.762,0,-3.627,0,0.0458,0.23,0,0.147,0.637,99.968,5be60DE1dTfKoeyxQj0tR0,227083,4,2018-08-31T00:45:11Z,Catching On (feat. Nevve)
0.618,0.433,8,-7.241,1,0.0625,0.115,0,0.272,0.64,84.998,4xrZ1rHw6RoJlPEuU84LAY,214588,4,2018-08-31T01:45:30Z,Royal Blood
0.62,0.672,1,-5.508,0,0.233,0.0472,0,0.086,0.504,142.859,6HCDMQZMIa14cCb6mQkLEo,199156,4,2018-09-01T19:39:37Z,Mine - Bazzi vs. Nitti Gritti Remix
0.758,0.442,2,-7.136,1,0.0765,0.179,1.44e-06,0.11,0.479,92.02,5UZNhm49B9ZrunnSf96Nkc,196957,4,2018-09-05T20:29:06Z,Genghis Khan - Louis the Child Remix
0.618,0.59,11,-7.751,0,0.359,0.559,3.42e-05,0.208,0.285,127.275,0z95CqBxQnSQhNnoWTZJKL,157891,4,2018-09-11T04:31:07Z,Slow Down Love (feat. Chelsea Cutler)
0.38,0.726,9,-6.303,0,0.0653,0.154,0.0142,0.0712,0.259,154.034,2t3XgH1hIlea5ugx2mcfXQ,246234,4,2018-09-14T01:18:59Z,Rainer
0.78,0.63,2,-6.52,0,0.0334,0.166,0.156,0.105,0.367,120.988,2WTCoQLkQ9FPdvThkf8nN1,327273,4,2018-09-18T04:39:40Z,Me & You (feat. IRO)
0.722,0.635,6,-9.6,0,0.0419,0.141,0.000873,0.3,0.53,123.999,6zWpqo98M9Ai6TK3qmm55o,221421,4,2018-09-18T04:44:41Z,Sleepless - Radio Edit
0.386,0.714,6,-5.597,0,0.381,0.263,0,0.233,0.289,89.807,4g64deYSvQZ4w9uGpYz2sL,205618,4,2018-09-18T04:48:50Z,Fire
0.601,0.775,0,-4.612,1,0.0473,0.269,0,0.0883,0.483,119.964,6jreFSOTUAViWjKyzOC4Kg,190295,4,2018-09-20T03:36:41Z,REMEDY
0.506,0.693,0,-7.265,0,0.0412,0.584,9.58e-05,0.0891,0.221,139.912,3nc420PXjTdBV5TN0gCFkS,216420,4,2018-09-20T04:33:01Z,Ocean (feat. Khalid)
0.571,0.688,11,-4.943,0,0.0401,0.523,5.48e-05,0.148,0.346,155.157,2VQCZWvOb6Mm1bQu4G6G2z,260903,4,2018-09-22T03:33:24Z,lift me from the ground
0.429,0.607,1,-5.907,1,0.041,0.161,0.0024,0.661,0.159,80.029,7GTtEE6EgRb7yI0BEGKZfS,362180,4,2018-09-22T04:22:48Z,surface
0.603,0.533,0,-6.742,1,0.0832,0.4,0,0.124,0.282,128.037,0OidLNIUhWSBX2UEXbaqQS,236719,4,2018-09-22T04:52:40Z,brighter days
0.727,0.756,11,-9.138,1,0.0365,0.0173,0.00211,0.146,0.218,99.972,0FIWE6OTbU91O9CP59n7pa,207162,4,2018-09-23T01:01:56Z,Pretty Stranger
0.607,0.743,4,-5.704,1,0.0476,0.142,2.14e-06,0.12,0.557,104.009,5OMKajdOkSj8l2YGmA3y2U,184633,4,2018-09-23T01:12:58Z,Infinitum
0.687,0.661,4,-6.512,0,0.0784,0.00221,0.00108,0.128,0.165,140.017,43wUolyQz3BUM8VIbn5xq8,186866,4,2018-09-23T01:17:17Z,Breathe
0.595,0.712,10,-6.879,0,0.0539,0.0671,0,0.102,0.615,170.06,2UOptj3KDBri5QhcIFphyX,225882,4,2018-10-12T03:19:33Z,Without You (feat. Dylan Matthew)
0.422,0.677,11,-5.76,1,0.0365,0.251,3.55e-06,0.16,0.146,150.131,27YD36FUikKxbp3bKSiKGZ,297782,4,2018-10-17T00:12:28Z,First Time (feat. Dylan Matthew)
0.767,0.723,5,-7.065,1,0.0544,0.0285,0.119,0.0539,0.12,105.997,7rLq1Mdn1K50CiUAbCrwtI,209434,4,2018-10-18T17:55:58Z,Homebound
0.694,0.483,0,-7.157,1,0.0359,0.000196,0.557,0.134,0.132,96.029,2sKTYRCgUHXmIhI2hoBuZE,220000,4,2018-10-19T23:02:31Z,When I Get There
0.529,0.882,9,-3.001,0,0.185,0.0528,6.97e-05,0.161,0.312,139.943,4JLojdKkKNM3rgvP2zvUGR,286929,4,2018-10-20T00:23:17Z,Jaguar
0.531,0.675,0,-3.281,1,0.33,0.121,0,0.327,0.799,177.953,5IrKXci1IzuUEowWOhTv8o,186046,4,2018-10-22T17:42:41Z,The City (with Quinn XCII)
0.584,0.384,3,-12.144,0,0.0675,0.72,0.288,0.0964,0.184,93.981,3u4rIcRR7gSoJdkJIx9zpu,324123,4,2018-11-01T21:06:32Z,Young
0.547,0.568,1,-5.675,1,0.0402,0.34,0,0.087,0.555,90.405,0elAif4RKsDJnlEht45du9,195333,4,2018-11-08T07:13:26Z,Lifeline
0.412,0.799,8,-4.45,1,0.195,0.0155,0,0.16,0.321,166.142,1p2S7PthbK0HI6clgvZI2K,214254,4,2018-11-12T05:14:43Z,Better
0.473,0.723,5,-5.344,1,0.0472,0.0855,3.83e-05,0.0857,0.321,159.812,6SFdqmi8X5FQWteVyFZY32,206961,4,2018-11-24T01:42:44Z,Easy
0.488,0.644,6,-5.194,0,0.0361,0.176,9.45e-05,0.107,0.165,137.916,1j3s6SE0wUgJfBULiHfgCv,222609,4,2018-11-24T04:30:16Z,In Your Eyes
0.628,0.762,1,-6.044,0,0.039,0.0123,2.3e-05,0.0985,0.289,131.935,6LdRmeJVVBzTZz93x9ZNnR,221818,4,2018-11-29T06:18:41Z,Heartbeat
0.751,0.628,2,-4.076,0,0.0333,0.0201,2.4e-06,0.161,0.291,127.037,68VF57hN9UYJeTNlQXfoYE,164409,4,2018-11-30T02:07:39Z,what i like about u
0.448,0.775,8,-5.165,0,0.154,0.066,0,0.0284,0.48,159.755,1k5evkJSCdFPqr3grfuwt7,195500,4,2018-11-30T18:48:59Z,Waterval
0.624,0.68,9,-7.285,0,0.0421,0.114,6.78e-05,0.0614,0.117,91.998,089tprIgsyFSOrZpugamLI,177152,4,2018-12-04T00:22:21Z,Blame
0.514,0.582,6,-8.835,1,0.101,0.0209,0.0835,0.0937,0.621,99.996,7CNRVEMSXo0fRJwZyM0L2n,252235,4,2018-12-07T02:03:52Z,Hometown Girl
0.639,0.845,10,-3.333,1,0.0372,0.0528,0,0.336,0.871,119.485,1FHNctV68GUNLgXclG2DtR,233373,4,2018-12-26T03:18:11Z,Dancing in the Moonlight
0.531,0.675,0,-3.281,1,0.33,0.121,0,0.327,0.799,177.953,5X3VpTYsESWoh80dMa60jd,186046,4,2019-03-31T07:32:12Z,The City (with Quinn XCII)
0.783,0.537,9,-2.921,1,0.0795,0.278,0,0.229,0.393,113.988,7n1940b6kHcaEewFSZXnXa,222866,4,2019-09-13T03:38:34Z,Better Not (with Wafia)
0.654,0.886,4,-2.808,1,0.0417,0.106,9.17e-06,0.161,0.704,147.959,2FVm4ADgYRIQWlpYKDPdl9,179937,4,2019-09-13T03:38:37Z,Winnebago (feat. Quinn XCII & Daniel Wilson)
